{
	"train_losses": [
		3825.968082885742,
		2161.6569567871093
	],
	"val_losses": [
		635.4717138671875,
		498.9445156860352
	],
	"config": {
		"image_size": 224,
		"batch_size": 4,
		"learning_rate": 0.0001,
		"num_epochs": 2
	}
}